deta,G
11.70022,131.2
11.62793,132.3
11.62793,130.4
11.63253,140.2
8.170689,169.8
7.59236,161
