deta,G
11.47405,129.2
10.61633,159.2
