Cr,1/T,ln(t),DO,weightgain
17.269,0.001214845,5.298317367,8,1
17.269,0.001214845,5.736572297,8,1
17.269,0.001214845,5.991464547,8,1
18.0596,0.00129341,5.857933154,10,-1
18.0596,0.00129341,3.401197382,25,-1
18.0596,0.00129341,6.522092798,10,-1
18.0596,0.00129341,5.768320996,25,-1
18.0596,0.00129341,6.445719819,25,-1